{"cameraMode":{"drawMode":0,"name":"Shaded","section":"Shading Mode"},"sceneLighting":false,"audioPlay":false,"sceneViewState":{"showFog":true,"showMaterialUpdate":false,"showSkybox":false,"showFlares":true,"showImageEffects":true,"showParticleSystems":true},"in2DMode":false,"pivot":{"x":0.38644838333129885,"y":-0.5418229103088379,"z":0.7655577659606934},"rotation":{"x":0.11630770564079285,"y":0.6979178190231323,"z":-0.11642398685216904,"w":0.6970770955085754},"size":6.0258612632751469,"orthographic":false}